{
    "accuracy": 0.7736654804270463,
    "precision": 0.5572033898305084,
    "recall": 0.706989247311828,
    "f1_score": 0.6232227488151659
}