{
    "accuracy": 0.7743772241992882,
    "precision": 0.5653206650831354,
    "recall": 0.6397849462365591,
    "f1_score": 0.6002522068095839
}